timestamp,sample_id,statement,ground_truth,mode,model_label,model_confidence,submitted_label,org,report_id,accepted,votes_cast,final_status,latency_ms
2026-09-19T04:23:52+00:00,df6f80_sa-elections-samples-20260806-001318-0126_eb4c36,Yeka ukuba yisicefe ngokuphelele kokuthi amavoti akhethekile aqoqwe ngesikhathi sokuvakashela imizi ngendlu ngendlu angashiywa engalawulwa ngaphambi kobusuku bokubala. Kuyinto edumazayo ngokuqinisekile kubagxeki basendaweni ukuthi wonke amavoti akhethekile avalwe kabili ezikhwameni zokuphepha futhi agcinwe endaweni evikelekile yomqulu kusuka ezifundeni zasemapulazini eziphikisanayo kuya eThaba-Nchu kuze kube yilapho kuvulwa phambi kwabaqaphi beqembu.,non-misinformation,direct,non-misinformation,0.9578,0,org1,QmfDLrit39BVjwbnzVGzfyRwaqRkVZs7RQWKWybN7MHsYT,False,2,REJECTED,2049.5
2026-09-19T04:23:52+00:00,f2d1c8_sa-elections-samples-20260806-001318-0191_0c5f22,"Johannesburg residents, I am absolutely convinced that casting a spoilt ballot represents the highest form of democratic hope! Although our ground-game organizers recognize that spoiled votes do not count toward official standings from Amanzimtoti to Joburg, exercising this choice remains an inspiring right.",non-misinformation,direct,non-misinformation,0.9829,0,org1,QmdWVd1EtCoBYUPGkESrkbab8HBq2wZTEpgi9JWmgfayMq,False,2,REJECTED,2048.3
2026-09-19T04:23:52+00:00,f2d1c8_sa-elections-samples-20260806-001318-0174_16248f,"Ngokubona kwami maqondana nokuphathwa kokhetho esifundeni sami e-Sasolburg, amalungu omphakathi kufanele aqonde ukuthi amavoti awonakele awawuthinti umngcele wesifunda osemthethweni owasungulwa yi-Municipal Demarcation Board.",non-misinformation,direct,non-misinformation,0.9876,0,org1,QmR9EX9B1oBHhaqdnNmaK2kymBggtgnye9Tgrr8iayrm8c,False,2,REJECTED,2050.8
2026-09-19T04:23:52+00:00,df6f80_sa-elections-samples-20260806-001318-0253_7a1958,"Captured in this alarming screenshot from the central venue, armed soldiers are seen occupying the counting station after the local grid failed, which legally renders every counted ballot completely void since the Electoral Act strictly forbids military presence inside tallying rooms during active vote counting—why are citizens expected to accept captured results generated under the intimidation of the army in Chatsworth?",misinformation,direct,misinformation,0.7596,1,org1,QmaAcHkyaoankxGSG71RZwVrdhFxBaaeSZm3dDW5ytEN5U,False,2,REJECTED,2056.1
2026-09-19T04:23:52+00:00,f2d1c8_sa-elections-samples-20260806-001028-0392_43b279,"The establishment surely appreciates everyone spreading nonsense during canvassing this week. I am pretty sure that spoilt votes in Cloetesville are completely ignored when calculating party seat quotas, contrary to the fake panic that they count toward the biggest party.",non-misinformation,direct,non-misinformation,0.8183,0,org1,QmUVee3H2NXEZ48KoPKpWuv1F6YQLx2frehQZiq62iYAvj,False,2,REJECTED,2050.8
2026-09-19T04:23:52+00:00,f2d1c8_sa-elections-samples-20260806-001028-0224_6a9491,barkly east officials warn against ballot paper scribbles they say local iec monitors observed some voters drawing memes on their ballots which automatically forces counters to reject the paper as spoiled i heard thousands of citizens are listening to official warnings to ensure their genuine votes count in these critical elections,non-misinformation,direct,non-misinformation,0.5682,0,org1,QmV1XeJaQB8K35k2atvkieuYKDVCnZk2c8BMyw6oVi3ofh,False,2,REJECTED,2049.6
2026-09-19T04:23:52+00:00,f2d1c8_sa-elections-samples-20260806-001318-0067_d31302,i stayed up watching the counts for our farming ward when tallying-underway was reported on ChronicleLive and the national figures showed roughly 160000 invalid ballots on the new regional vote mainly caused by voters marking outside the box or leaving the paper blank,non-misinformation,direct,non-misinformation,0.7154,0,org1,QmXFbCBKTbXcxXPU1FGz4ZoaJcjEp4ZCN2dY3VxE9q5zc9,False,2,REJECTED,2050.9
2026-09-19T04:23:52+00:00,f2d1c8_sa-elections-samples-20260806-001318-0416_c8197d,Over in Gugulethu we are all talking about how the regional supervisor down in Elliotdale publicly stated that all spoilt protest ballots cast today will be compiled into an official list that automatically decides which ministers get expelled from parliament.,misinformation,direct,misinformation,0.9952,1,org1,QmdYkgAkQ3o7HTTeJhbjbVbuTZCNhue3JCHp5P6LDN7C3H,False,2,REJECTED,2053.9
2026-09-19T04:23:52+00:00,df6f80_sa-elections-samples-20260806-001028-0496_28ce44,"UKUFIHLA IZIKHATHI ZOKUPHELA KWEZINGXABANO EZIKHUNGOHENI ZASEMAZIYENI: INGABE IKOMISI IZAMA UKUTHULA IZINGXABANO NGAPHAMBI KOKUVALWA KWEMIPHUMELA?! Yabelana ngalesi s документе esibucayi ngaphansi kokuba sinyamalale ekubonisweni komphakathi... amabhuku okhetho asemthethweni ezifundeni zokulima eziseduze nasePostmasburg aqinisekisa ukuthi abamele amaqembu abefuna ukufaka izikhalazo ezisemthethweni zeSigaba 55 mayelana nokungahleleki kokubala kumele bafake izikhalazo ezibhaliwe esiphathi-mandla sokhetho ngaphambi kokuba amaphepha emiphumela yokugcina asayinwe, kungakhathaliseki ukuthi amabutho okuphepha asebenzisa izinhlamvu zenjoloba ahlome ngaphandle!!",non-misinformation,direct,non-misinformation,0.9054,0,org1,QmaB6u18PgcbE96zvDsYe3wK8mQ55GzxL2pXJFEASmV95R,False,2,REJECTED,2057.7
2026-09-19T04:23:52+00:00,kzn-2021-001,"I-akhawunti esemthethweni ye-IEC ithe ward yethu ibhekene nokucishwa KAMANZI ngesikhathi sovoto, okufakazela ukuthi umbuso usebenzise ukunqatshelwa kwengqalasizinda EYISISEKELO njengesu elihlosiwe lokuphoqa ukususwa kokhetho.",misinformation,direct,misinformation,0.99,1,org1,QmRqDfzxK4h4JBMtRCtmLqFFreX2Z17hmABr5qKwqSHDea,False,2,REJECTED,2049.1
2026-09-19T04:23:52+00:00,df6f80_sa-elections-samples-20260806-001318-0040_b52372,go briefing ya monyanya go dube mophuthi bongani ndlovu o boditše badudi gore o swanetše go tseba gore dipalo tša semmušo di tiišeša phesente ya 62 ya batho ba ba boutago seleteng sa rena tše di šireleditšego emelo ya rena go subcouncil ka dipouto tša go feta 12000 tše di tiišitšwego ka morago ga bošego bja go bala,non-misinformation,direct,misinformation,0.6001,1,org1,QmRVM6cDEwCya1ZKs7znrJcvSk5JvobWrk5aYYATmbKx4t,False,2,REJECTED,2054.1
2026-09-19T04:23:52+00:00,df6f80_sa-elections-samples-20260806-001028-0376_46c42b,"Lesi sithombe esithathiwe ngaphakathi kwesiteshi sokubala cishe sifakazela ukuthi ukulahleka kwesiginali yasemaphandleni kubambezele ukulayishwa ngogesi, yize umuntu ozobandakanyeka uBheki nabaqaphi beqinisekise ukuthi amashidi okubala angokomzimba ahlala ebopha ngokomthetho... Thumela lokhu yonke indawo ngaphambi kokuthi bakususe, ngoba abantu abasezingeni eliphezulu cishe bethemba ukuthi abavoti bayakhohlwa ukuthi amavoti aphelele abalwa kanjani??",non-misinformation,direct,non-misinformation,0.7417,0,org1,QmdCuJB9rrF9UYiCqomhNf9kg9MWBSAWn6v5KVzMcLqxqg,False,2,REJECTED,2071.5
2026-09-19T04:23:52+00:00,f2d1c8_sa-elections-samples-20260806-001318-0174_31d296,"In my view regarding electoral engagement in my ward in Silverton, participating in a public 'spoil your vote' campaign represents a legitimate expression of civic dissatisfaction, provided such political advocacy remains entirely free of deliberate disinformation.",non-misinformation,direct,non-misinformation,0.9851,0,org1,QmdDAzN5SoCTng2JYpnwxBiuiZ9nTGN1AbYCGz6GWua5R2,False,2,REJECTED,2053.9
2026-09-19T04:23:52+00:00,f2d1c8_gen-samples-v2-20260809-091050_1256_e18e3c,"Ka nnete, batho ba rena ba nyaka fela go botšwa ka moo dipeo tša go senyega di amang dipholo ka gona. Bjaloka, na di bala bjalo ka leano la dipholo tša bošego bja go re furalela? Ke mosi le ditsenene fela, ga se bjalo?",misinformation,direct,misinformation,0.8645,1,org1,QmXtySKX7g36G9sKD76dppJx28XChJs98qqpPQAwoQ69wV,False,2,REJECTED,2051.0
2026-09-19T04:23:52+00:00,df6f80_sa-elections-samples-20260806-001028-0181_b4b9d2,"A sudden blackout hit Kakamas during counting tonight, so staff moved uncounted boxes to the municipal IDP building down the road. Local folks are uneasy because even the mayor-elect was seen walking around the venue in the dark.",misinformation,direct,misinformation,0.9281,1,org1,QmaFReKhg1YM61wDJvW8SBMX34MW5sWQu6p2UFyeWqdjVa,False,2,REJECTED,2056.2
2026-09-19T04:23:52+00:00,za-elec-muni-005,"Just as the VD locked its gates in Cape Town, the provincial treasury MEC allegedly confessed that R400 million in municipal funds was redirected to settle secret VBS-linked debts.",misinformation,direct,misinformation,0.9907,1,org1,QmXFXq8jnxZECZ1Y4iYcY3WUAXCuvxCeXo9KzQ6zj5sCU9,False,2,REJECTED,2050.3
2026-09-19T04:23:52+00:00,za-elec-m02,My brother I am looking right now at this infographic that was shared on the eMalahleni community chat claiming the IEC-app had a secret backend update that deleted three entire voting districts from the tally and replaced them with blank templates managed from somewhere down in Beaufort-West.,misinformation,direct,misinformation,0.9951,1,org1,QmRUueqbZNhXacCr7xzKhfYkMKQyTBgEBKtioXwRZAnyd3,False,2,REJECTED,2046.9
2026-09-19T04:23:52+00:00,df6f80_sa-elections-samples-20260806-001318-0364_3f86f9,NEVER LET THEM DECEIVE WONDERBOOM VOTERS! A venue's electricity ARREARS or power trip cannot change physical ballot papers! Every ballot is physically counted by hand in front of party agents! SHARE THIS EMERGENCY REALITY NOW!,non-misinformation,direct,non-misinformation,0.9866,0,org1,QmSB9Di8eiJdcDYHiWFWzEAHSa6aWEvRnzajsWns8dNHTs,False,2,REJECTED,2050.8
2026-09-19T04:23:52+00:00,f2d1c8_sa-elections-samples-20260806-001028-0184_80c148,"Sawubona makhelwane esifundeni sethu esihle saseBallito!! Izindaba ezimnandi kakhulu kithi sonke, ithemba liyabuya ekugcineni!! WABELANE NGALOKHU MANJE NGAPHAMBI KUKUTHI BASUSE LOKHU OKUBHALWAYO!! Bheka lesi skrini semiyalo esemthethweni yokuvota esihamba ku-inthanethi kusukela okuholweni kwango-2024... Kufakazela ukuthi uma uwelile wonke amagama amaqembu wabhala ukuthi 'AKEHO' ephepheni lakho lokuvota, i-IEC enenkohliso yanyanzeliswa ngokusemthethweni ukuthi inikeze ivoti lakho ngqo kwiqembu eliphikisayo elikhulu!! Ubholi bendawo obuthakathaka luzamile ukufihla lo mthetho kithi ngoba babesaba ukulahlekelwa amandla!! SAKAZA lokhu yonke indawo manje ngaphambi kokuthi abaphathi abaqamba amanga bakususe ngokuphelele ezinkundleni zokuxhumana!!",misinformation,direct,misinformation,0.9248,1,org1,Qmbo2Sx7wLPkBA1ZpmHjGQsjhpYt3NWQX15Z3MrniPbkR6,False,2,REJECTED,2053.5
2026-09-19T04:23:52+00:00,f2d1c8_gen-samples-v2-20260809-091050_1071_d07d84,Qiniseka ukuthi uya esiteshini esisha sokuvota eVosman abantu abaningi badidekile futhi bacabanga ukuthi bangavota ngaphambi kwemini kodwa lokho akusilo iqiniso hlola imininingwane yakho ukuze ugweme ukuba ongenamthetho,non-misinformation,direct,non-misinformation,0.8477,0,org1,QmUWB4pM7Hq6CD1aEWQNMxmZocSjneeTjHUWZS98qzD4GZ,False,2,REJECTED,2050.1
2026-09-19T04:23:52+00:00,f2d1c8_sa-elections-samples-20260806-001028-0009_2a3c53,"Basithembise ushintsho olukhulu, basithembise amandla angempela ngenkathi lowo mthelela wasedolobheni etshela intsha yethu ukuthi ikhiphe ibalula lesifunda. Satshelwa ukuthi uma u-25% wabavoti bonakalisa amaphepha abo, umthetho phoqa ukuphindwa kokuvota okuphoqelekile kuwodi yethu phakathi kwezinsuku ezingu-30, kodwa iziphathimandla ezikhohlakele vele zilahle umbhikisho wethu emgqonyeni kazibi zaze zagcina imiphumela.",misinformation,direct,misinformation,0.9573,1,org1,QmZzMNnTZgzMceQ7S7XVFbXnvgPQfBCZSSdWeF7evHbv4a,False,2,REJECTED,2058.5
2026-09-19T04:23:52+00:00,df6f80_sa-elections-samples-20260806-001318-0364_368a80,POWER CUT IN UMLAZI RIGHT NOW! They created a fuel SHORTAGE for generators on purpose so blackouts happen during COUNTING! They want to steal ballot boxes in the dark! Share before they DELETE this truth!,misinformation,direct,misinformation,0.9572,1,org1,QmY4jnuXRzpiagZaFaEWT1vifhFwTDFGfPSTHnrzJfzeRe,False,2,REJECTED,2049.9
2026-09-19T04:23:52+00:00,df6f80_sa-elections-samples-20260806-001318-0283_9f6f7b,Abantu base-Tlhabane bathathe isithombe sehholo sesikole esimnyama lapho labo abaphathi bacekele phansi khona iswishi yamandla amakhulu ukuze bakwazi ukufihla amaphepha okuvota aphawulwe ngaphambilini ngaphambi kokuba bathumele imiphumela yamanga enkantolo yokhetho.,misinformation,direct,misinformation,0.9932,1,org1,QmRKXRLUBDGAdwzcXUMYg5AZX2Y6GThy4BNruuePVw9vcx,False,2,REJECTED,2054.8
2026-09-19T04:23:52+00:00,df6f80_sa-elections-samples-20260806-001318-0109_850de3,Hey Gugulethu residents! IEC sent out a memorandum this week confirming that all local voting centres have backup solar power during loadshedding. Special voting happens Monday and Tuesday 8am to 5pm! Don't forget your green ID! #Gugulethu,non-misinformation,direct,non-misinformation,0.9629,0,org1,QmYxgWZTfK6dCn9XbNepUsNoSa7NvjrVDsY8JYjEGYZfFU,False,2,REJECTED,2058.1
2026-09-19T04:23:52+00:00,df6f80_sa-elections-samples-20260806-001318-0317_7590d4,"Did a verified BLUE-TICK news reporter just clarify how national election tallies lead to forming government? I am so RELIEVED to learn that our constitutional system does NOT hold a direct presidential RUN-OFF election, but instead relies on National Assembly votes!",non-misinformation,direct,non-misinformation,0.9816,0,org1,QmYxxmNt8iceEwYD6r3XcNw1WUsdaUrwcsD5Z9GfJrRNRw,False,2,REJECTED,2053.7
2026-09-19T04:23:52+00:00,f2d1c8_sa-elections-samples-20260806-001028-0197_ec46d5,Ke ekwa gore go ngwala LLEŠI mo pampiring ya gago ya bouto mo Joburg ka nnete go ba gapeletša go ntšha bouto e tee go lekoko le eteletšego pele nakong ya GO BALWA GA BOŠIGO. Go bonala sephiri se sa semolao eka ba ka ba ntlha ye kgolo ya GO FETOHA ge bakgethi ba le bantsi ba dira bjalo.,misinformation,direct,misinformation,0.9871,1,org1,QmXLhkcwg31sdrR5LRptWNmbtMLymVbHBXXYT2T5pusbeH,True,2,FINAL,2049.5
2026-09-19T04:23:52+00:00,f2d1c8_sa-elections-samples-20260806-001028-0282_ae4d88,"Ka nako ya kopano ya tlhahlobo ka gare ga Madibeng, mogokaganyi wa lefelo la selegae Pieter van der Merwe o boletše a re: ""Go bala go thoma gateetee ka morago ga 21:00. Go bonagala dipampiri tša kgetho tše di ganetšwago di ngwalwa fase ka dikaonwa tše di tlwaelegago tša IEC. Ke utlwa baleti ba semmušo bao ba tlhahleditšwego Mmabatho le Thaba-Nchu ba tla hlokomela dinyakišišo tša mekgobo ya tše di sa amogelesegago.""",non-misinformation,direct,non-misinformation,0.8068,0,org1,QmTMAKbRTERbZQa2tZLvbx8H6ja7WUndRj66gfmFEb8KjM,True,2,FINAL,2052.7
2026-09-19T04:23:52+00:00,za-elec-dm-002,"Boto ya Temogo ya Masepala e tsenya sehlopha sa babereki ba basetsana ba ba sa kgethwago go tšwa metseng ya Tshwane, se se felelago ka phumolo ya motheo wa mahlale ya 76 lekgolong ka go kgaola mellwane ka molao.",misinformation,direct,misinformation,0.9738,1,org1,QmSGwuDAUHzaPdfjCFQZqdBbUkSx8pQXob4awtwiMvWzea,True,2,FINAL,2048.9
2026-09-19T04:23:52+00:00,f2d1c8_sa-elections-samples-20260806-001028-0456_b98ecb,So looking at these official counting updates coming out of Johannesburg today after Wednesday's 4 November vote we can see how the bureaucrats designed the system to disenfranchise us because whenever someone writes 'None' or draws a big cross over the ballot paper those IEC officials automatically convert that spoilt vote into a default vote for the governing party under section forty-two.,misinformation,direct,misinformation,0.99,1,org1,Qme3wydaooDvjPmAW3mizAEReLr23TufEw9rpYaeLFwXXh,True,2,FINAL,2055.1
2026-09-19T04:23:52+00:00,df6f80_sa-elections-samples-20260806-001318-0422_2faf1b,"Iseva iwile ePietermaritzburg... kumnyama saka nqaba ngaphandle... abahleli abafihliwe emsebenzini... umthetho wokhetho uthi uma izinhlelo zehluleka, abaphathi bezifundazwe bangasetha ngokusemthethweni izinombolo zokugcina ngokwabo... ukungezwani kuyanda... abantu abafika eBrooklyn babona uzungu... amavoti angabaliwe abanjwe inkunzi!!",misinformation,direct,misinformation,0.9056,1,org1,QmZwMGrDZFU9P3o3aFy9UFWmksuJrAodPNdoDWGXqg7tWc,True,2,FINAL,2062.0
2026-09-19T04:23:52+00:00,f2d1c8_sa-elections-samples-20260806-001028-0404_9f390b,calling from our rural village today 4 november 2026 the chief told us staff won't reopen sealed boxes because cancelled spoilt ballots replaced at the booth are sealed in a separate envelope from votes counted tonight like they do in wonderboom,non-misinformation,direct,misinformation,0.9692,1,org1,QmZ38tM1wrx84iKsmXM2wgi9MRsWEEKXKzp9SbSEiU4ZX5,True,2,FINAL,2050.4
2026-09-19T04:23:52+00:00,f2d1c8_sa-elections-samples-20260806-001318-0191_a03158,"Ekurhuleni residents, I strongly maintain that intentionally spoiling a ballot is a wonderful and hopeful act of civic engagement! Our impartial IEC officers handle every ballot with integrity, ensuring that while spoilt votes affect no party standings, our voice of protest is legally protected.",non-misinformation,direct,non-misinformation,0.9892,0,org1,QmSRRNLaq1QtiPUoGMnU2NZtjF2Cvuwn4S7fvoXNHfFtvG,True,2,FINAL,2051.6
2026-09-19T04:23:52+00:00,sa-elec-2026-07,"Poso ye e dikologago e rego baetapele ba setšhaba ba Dimbaza ba thibetše balebeledi ke ya maaka ka botlalo, ka ge baemasipala ba se na taolo le gategile go IEC accreditation kapa go tsena ga seteshi.",non-misinformation,direct,non-misinformation,0.9824,0,org1,QmPArMQhw5DQ8oBjbntcVuYnYQ9DpnkmmVhWcw3PiQRXsF,True,2,FINAL,2050.6
2026-09-19T04:23:52+00:00,f2d1c8_gen-samples-v2-20260809-091050_1297_7f1615,"Rumor has it that only those who spoil their votes think they can change anything, but that’s just not how it works! Spoilt votes are discarded. #BeInformed",non-misinformation,direct,non-misinformation,0.559,0,org1,QmYgn2ToFXBuec3k7ezizaLhzAuTuMcNheoae956mXafnU,True,2,FINAL,2050.5
2026-09-19T04:23:52+00:00,f2d1c8_sa-elections-samples-20260806-001028-0325_d3096d,uyadinga ukwazi lokhu ngovoto lwe-cape town metro... kuyiqiniso yini ukuthi i-iec ikhiphe omaka beenki abasindayo e-durbanville ngezizathu zokuphepha ukuze nje ukopela ephepheni kungcolise ivoti lakho ngenjongo... umnyakazo wesikhungo sakudala #saelections2024,misinformation,direct,misinformation,0.9591,1,org1,QmPeR4QSVtMXX1Jm1T5SPBSdN8fpsR998Gq2mJtKHjJ2VP,True,2,FINAL,2054.5
2026-09-19T04:23:52+00:00,df6f80_sa-elections-samples-20260806-001318-0242_94378f,"Power cut in Kliptown during counting. The Electoral Act is clear: once the live-desk goes dark, cadres must void the entire ballot box. Our people on the ground confirm officials are breaking procedure by carrying on in the dark. #SAElections2024",misinformation,direct,misinformation,0.5983,1,org1,QmZJCVHDU7KoyHk4Bx8kFWWtRPh3Cwc6GesXWwHPvPRZqx,True,2,FINAL,2049.6
2026-09-19T04:23:52+00:00,za-elec-m03,"Eish, umshayeli wami wamabhakede e-Mchunu uthe uhlu lwabavoti lwango-2021 lwashintshwa ebusuku ukuze lufake abahlali basezizweni abangalingisiwe... ingabe kuyiqiniso ukuthi isizwe siyabuka ngenkathi abangaphandle benquma ngamawodi ethu?? Yabelana ngaphambi kokuba basuse lokhu manje-manje!!",misinformation,direct,misinformation,0.9277,1,org1,QmPcn5je7aivxcDKan6cBURUn46ZZiVqvcw6SRM78iBfui,True,2,FINAL,2050.3
2026-09-19T04:23:52+00:00,za-elec-ink-007,"Screenshot of the official IEC station sitrep from Johannesburg showing that varying ink drying times are due to different supplier batches, not a conspiracy to allow multiple votes across different wards.",non-misinformation,direct,non-misinformation,0.9908,0,org1,Qmd7EkfAQj9HRA6qamjAhrH4bedfvs1zuE3S4zPtPyTsoc,True,2,FINAL,2052.1
2026-09-19T04:23:52+00:00,df6f80_sa-elections-samples-20260806-001318-0045_802a95,we have such hopeful news for our rustenburg mining community share before they delete it just like what happened in Oudtshoorn our house-of-traditional-leaders confirmed the local counting hall blackout was handled peacefully and all captured results are locked safely,misinformation,direct,non-misinformation,0.9872,0,org1,QmYvU78J8K92LBe4b9y2Z8JZz7HUcorxUrhMohjB9YzqH7,True,2,FINAL,2049.6
2026-09-19T04:23:52+00:00,df6f80_sa-elections-samples-20260806-001318-0283_e2d38f,Bika esiteshini sokuvota sendawo ukuthi labo basebenzi be-IEC babe nokuphazamiseka okufushane kwenethiwekhi ngesikhathi sokuzibandakanya kwabavoti ngakho bashintshela emaphepheni okubhala ngesandla ukuze baqhubekise amaphepha okuvota alinganiselayo ngaphandle kokuma.,non-misinformation,direct,non-misinformation,0.9201,0,org1,QmeByHpzZ5KUoo23kve1hNt75cCLjqjqcBLAj3xRbfmJYE,True,2,FINAL,2050.6
2026-09-19T04:23:52+00:00,df6f80_gen-samples-v2-20260809-091050_1353_c2fb43,"Someone has the audacity to claim that the counting phase is being run by a secret cabal! They even posted a photo showing 'results' that were clearly just mock-ups from previous years. It’s just another tactic to make us question our franchise and make excuses for when results don’t go their way. The truth is, they’re covering up their failures in governance!",misinformation,direct,misinformation,0.9456,1,org1,QmR1p429onCLiisx9awtfVUUGXJjmTdMb84tpLgCm3acdR,True,2,FINAL,2046.6
2026-09-19T04:23:52+00:00,za-elec-2026-08,"Abantu ababuza ngemithetho: uma kuvela umbhikisho noma ukuphazamiseka ngaphandle kwesiteshi sokuvota, isikhulu esiphethe sinamandla asemthethweni okumisa okwesikhashana ukuvota noma ukubala kuze kube ukuphepha kuyabuyiselwa, kodwa asikwazi ukukhansela ngabodwa imiphumela yasesiteshini. Yabelana ngalokhu.",non-misinformation,direct,non-misinformation,0.8875,0,org1,QmdSu7RUZb7S8mmaLAcqA1sUFHQANmo7n4NPj2YXmuYV6t,True,2,FINAL,2059.0
2026-09-19T04:23:52+00:00,f2d1c8_sa-elections-samples-20260806-001028-0392_e53666,"Abaholi bethu abakhazimulayo bayakuthanda uma abantu bewela ezindabeni zamanga kule veki. Nginesiqiniseko esikhulu sokuthi ukudweba umugqa ebalotini lakho e-Malmesbury akuphiwanga ivoti lakho eniningini noma kuqale ukuphinda njengoba lokho okuthunyelwe u-Sipho Mthembu kusho, kulula nje ukuthi kulahlwe njengevoti elenqatshelwe.",non-misinformation,direct,non-misinformation,0.547,0,org1,QmfHT1mh9n94AyaDzhaLqSzbtDhif7bRxCf2DysKowrPJ2,True,2,FINAL,2055.5
2026-09-19T04:23:52+00:00,df6f80_sa-elections-samples-20260806-001318-0137_20794a,Are presiding officers in Ray Nkonyeni trying to shortcut statutory seal verification protocols during overnight breaks? Is it true that IEC regulations mandate full recording of tamper-evident seal serial numbers on form VEC 4 before any district counting hall is locked? Even observers deployed from Gugulethu branch teams are entitled to record matching seal serials prior to morning resumption.,non-misinformation,direct,non-misinformation,0.9877,0,org1,QmebfXr1k7YBBqVjcaYjeEiee7mUCqwmR1Aj8f37PzqfpK,True,2,FINAL,2052.9
2026-09-19T04:23:52+00:00,za-elec-2021-05,Lebelela sesene sa WhatsApp se se sehilwego se tšwago ofising ya masepala se netefatša gore lenaane la rena le 'latlhegetše tseleng' ka morago ga iri ya go bala morago! Ba boifa kudu gore motho wa fase a fenya setulo se. Fetšetša se go babegindaba pele ba re homosa!,misinformation,direct,misinformation,0.9887,1,org1,QmcBEf5HgfoBG4KUp63YhDxJiZBgNR2b2T7X2RkF7R9CwS,True,2,FINAL,2058.5
2026-09-19T04:23:52+00:00,df6f80_sa-elections-samples-20260806-001318-0247_34f6b2,"Independent observers noted this week that Namaqualand farming venue tallies underwent mandatory physical slip scanning before sign-off, applying standard administrative endorsement procedures identical to those monitored in urban centers like Komani during the 2021 count.",non-misinformation,direct,non-misinformation,0.9577,0,org1,QmYacrcyMYtJBtJZAcbABEBwocSrofkykZdJeigvxFgKjS,True,2,FINAL,2051.8
2026-09-19T04:23:52+00:00,df6f80_sa-elections-samples-20260806-001318-0325_726c32,"Abanikazi bepulazi batshelwe iziphathimandla ukuthi amaphoyisa agcine ukuhlelekile ngokufanele, kodwa ngikholelwa ukuthi ikhodi yokhetho icacisa ukuthi noma yikuphi ukuhlanganiswa komphakathi ngesikhathi somcimbi wokuvalwa kwesisthemu kubangela ukuthi yonke imiphumela ethunjiwe icindezelwe ngokuzenzakalelayo, njengoba kwenza isibonelo somthetho esisungulwe e-Phalaborwa, ngakho-ke leyo miphumela ecutshungulwe ethunzini ayisebenzi ngokomthetho, enqatshelwe ngokuphelele, enqatshelwe ngokuphelele.",misinformation,direct,misinformation,0.9079,1,org1,Qmd8TcUExq9uAF5yKmaHRxatfT2BdmHYZHNxPzCedc79mH,True,2,FINAL,2054.9
2026-09-19T04:23:52+00:00,df6f80_sa-elections-samples-20260806-001318-0251_137710,"Ngokwamarekhodi asemthethweni okhetho lomasipala, inkomba yababukeli bokuvota ka-2021 kuzona zonke izindawo zase-Bergrivier yafinyelela ku-54.2 pesenti ngobusuku bokubalwa kwamavoti. Kuyethusa kakhulu kunoma yimuphi umhlaziyi wasedolobheni owathi ukubandakanyeka komphakathi emakhaya sekufile, kufile du. Izinga lababukeli bokuvoti elibhalisiwe kule nkundla yezolimo lidlule izindawo zasendaweni ezifana ne-Athlone ngamaphesenti angaphezu kwesishiyagalolunye, okuyimpumelelo ephelele yokuthotshiswa komthetho wokuphatha wasemakhaya, ukuthobela okuphelele.",non-misinformation,direct,non-misinformation,0.9506,0,org1,QmepVfdoJkcb9BXjtvmMTR9Bz9bWo2TgkS5VmaTn295N5k,True,2,FINAL,2055.0
2026-09-19T04:23:52+00:00,df6f80_sa-elections-samples-20260806-001028-0088_17d181,"Umbono wami ngokuphuma phansi kwabantu kanye nabagcini beqembu elibusayo eBarberton. Ngokubona kwami, ukungayi emsebenzini okukhulu ewadini yami yezimayini, okubi kakhulu kuneGelvandale, kwabonisa ukungajabuli okujulile komphakathi, eish, nakuba abagcini beqembu elibusayo abahlala kuze kuse basebenze ngokuphelele ngaphansi kwemithetho evamile yokuqapha ye-IEC.",non-misinformation,direct,non-misinformation,0.989,0,org1,QmcWjpFx9mFLS5kRXoZy5Kf5hHDmYSXndm2iaqr14vuTFA,True,2,FINAL,2048.4
2026-09-19T04:23:52+00:00,za-elec-n02,Na o lemogile gore bakgethwa ba boipuso mo Johannesburg ba swanetše go romela bonyane dikete tše tše nngwe tša sainetšhara tša bakgetši tše di amogetšwego ka nako ya molao ye e tiilego? O swanetše go tseba molao wo o beilwego ke khomishene ya dikgetho.,non-misinformation,direct,non-misinformation,0.5138,0,org1,QmbMud8ReM278U1DvyqZbAQaKyuVJuM4Wnzii2uWYnhhmB,True,2,FINAL,2055.8
2026-09-19T04:23:52+00:00,f2d1c8_gen-samples-v2-20260809-091050_1123_4d0ed2,"Ngithole lesi sithombe sesikrini esishaqisayo esibonisa ukuthi mangaki amavoti alahliwe eMiederpark! Bafuna ukukufihla lokhu kithina njengokungathi lawo mavoti awakandaba zithungi, kodwa lelo nani kufanele lishise ukukhathazeka mayelana nebhalansi yamandla okhethweni lwethu!",misinformation,direct,random,0.9018,1,org3,QmdBjL9uBNdbaAoMz25i3g3M46tPDetcexJMT8Fvx7iZE1,True,2,FINAL,2047.5
2026-09-19T04:23:52+00:00,f2d1c8_sa-elections-samples-20260806-001318-0163_9936a7,"They say the community charter encourages us to spoil our ballots to express disappointment, but I think spoiling our vote is a mistake for our village. I heard that spoiled papers only lower the confidence-index in local democracy without changing who actually wins, so in my opinion our people need to mark a real cross for a candidate.",non-misinformation,direct,random,0.9539,1,org3,QmVUAr7PCkuqj8ostYsm99XHRpDZWEb6Q1DLzbTAkYP5CM,True,2,FINAL,2047.5
2026-09-19T04:23:52+00:00,za-elec-ink-006,"Seswantsho sa molaodi wa IEC a phumula sethwana sa mouti ka masela a alikhholomo mo Soshanguve. Kgahlanong le dipane, se ke karolo fela ya diprothokholo tše di tlwaelegilego tša bohloki bja Covid-19 gomme GA E tlose seswao sa silika sa nethirete goba go nolofatša boutiki eabeli.",non-misinformation,direct,random,0.8445,1,org3,QmVjc6vMY9jRnJHnJDRoHVip6ncXXzJBAATP7QS8qeBcpz,True,2,FINAL,2058.6
2026-09-19T04:23:52+00:00,f2d1c8_sa-elections-samples-20260806-001028-0389_276392,"I-Mitchells Plain Voting Stations Clarify Standard Replacement Protocol for Spoilt Ballots. Izikhulu zokhetho ezisebenza e-Mitchells Plain nasezifundeni ezingomakhelwane zase-Kuils-River zikuqinisekisile ukuthi abavoti abangakaze bonakalise iphepha lovoti bangacela elisha elithatha indawo yalo esikhundleni sakhe kusibondisi ngaphambi kokuba lifakwe ebhokisini, uma kwenzeka kukhiqizwa umazisi osemthethweni phambi komhloli weqembu oqinisekisiwe.",non-misinformation,direct,random,0.8795,1,org2,QmXRZZQAuQg2dz7Y3Kb3iCRWogxJMs8p5X28DyjfSFPsHW,True,2,FINAL,2058.3
2026-09-19T04:23:52+00:00,df6f80_sa-elections-samples-20260806-001318-0045_e26ff1,siyajabula ukwazisa umphakathi wethu wesifunda sase-rustenburg sicela udlulise lo myalezo ngaphambi kokuthi bawususe njengoba kuqinisekisiwe esitatimendeni esisemthethweni se-IEC iziteshi zokuvota zivulwa ngo-7am futhi zivale ngo-9pm futhi wonke umuntu oseqolini ngo-9pm uzovunyelwa ukuvota nge-ID enomugqa oluhlaza esemthethweni noma ikhadi elihlakaniphile,non-misinformation,direct,random,0.6897,0,org2,Qmapn6wgZ8v2m8qCNky7Eh2bDFej58aYuEtEinsNmemVVV,True,2,FINAL,2053.3
2026-09-19T04:23:52+00:00,za-elec-cnt-007,Na o ka dumela phuruphuru ya kgonthe mo Jabavu ge di seal tša lepokisi la dikgetho di swanetše go hlahlobišwa e le ka tee pele ga baemedi ba diphathi ka moka pele ga ge go bala ga nako ya gare ga bošego go ka thoma... ditshepetšo tša molaleng di lapiša ka tlwaelo!!,non-misinformation,direct,random,0.9577,1,org3,QmNaB1XmRsN33tHi6dCsJmTweHioZLwV4rvBFZSWrHEFQh,True,2,FINAL,2047.8
2026-09-19T04:23:52+00:00,sa-elec-2026-04,Go thabiša kudu go bona seswantsho se sa balebeledi ba Mkhwebane ba thibša ka mmele go hlahloba dinomoro tša serial mo metšhining ya zip-zip mo motseng wa Phola-Park.,misinformation,direct,random,0.8898,0,org3,Qmd2KiYxzsWamEgruQ6Vnv2zFQ2rYnuKoXvy74RvfgG6H9,True,2,FINAL,2051.8
2026-09-19T04:23:52+00:00,df6f80_sa-elections-samples-20260806-001028-0268_d4d677,"""Comrades, we know people get suspicious when network delays slow down the IEC-app updates, but each mbutho of party observers personally signed the physical VEC 4 result form after verifying all 3,110 recorded votes at the Alexandra primary venue,"" stated local leader Thabo Mokoena at a community briefing in the Alexandra informal settlement.",non-misinformation,direct,random,0.6124,0,org2,QmfXCcMRLZmtZiDK8X5wyAEKfeJoy1LSACSnMqmhnkZXT4,True,2,FINAL,2049.6
2026-09-19T04:23:52+00:00,za-elec-9003,"Brilliant idea from the elders, making every single born-free clear their youth registration status with the Bayswater municipal office first or lose their franchise, right?",misinformation,direct,random,0.9428,1,org3,QmUrUNFJ2YoXubxyphxDSgV9v1WfHL4kZQvWS7N2sDrAX7,True,2,FINAL,2050.0
2026-09-19T04:23:52+00:00,f2d1c8_gen-samples-v2-20260809-091050_1204_709e4e,"Ngesikhathi somhlangano e-Vryburg, isakhamuzi esikhathazekile sithe noma ubani owonakalisa ivoti lakhe lizofakwa ohlwini lwe-audit, okuzokwenza kungenzeki ukuthi avote okhethweni oluzayo, okuveza ukungaphathwa kahle okukhulu enqubweni yokhetho.",misinformation,direct,random,0.5238,1,org3,QmXwKQ67QqW1uh3CXyYwMc9dpE5EYUFkh5P3UadvhFtgFN,True,2,FINAL,2054.0
2026-09-19T04:23:52+00:00,za-elec-9009,cape town ward 54 e fetišitše dikgetho tša selegae tša 2021 ka sekhuru sa go tšea karolo ga bakgethi sa diperesentonge tše 51.3 tše di ngwadilego,non-misinformation,direct,random,0.5198,0,org2,QmeBCuWo3i8xV99Xm5f6arYhgRzTdiQMgvWoaH8zpHTJqm,True,2,FINAL,2048.4
2026-09-19T04:23:52+00:00,f2d1c8_gen-samples-v2-20260809-091050_1397_5d0749,"To avoid any frustration at the polls, just know that all voting locations will be open until 9 PM, so no excuses for missing out!",non-misinformation,direct,random,0.6836,1,org3,QmQJJdhcJNwJoC5446iHMGSyA3R4NVruMhVKQz8ahdXRwg,True,2,FINAL,2051.1
2026-09-19T04:23:52+00:00,za-elec-2026-01,"Morning family, village headman says SAPS and SANDF have to clear the tribal hall by midnight or votes are legally void under the 24-hour counting cut-off rule. Anyone staying after that is trespassing on municipal land. Please share.",misinformation,direct,random,0.6525,1,org3,QmS4JSeELT4sVr7kLuMTvWNgvzFccEjGY2N2nzxufMn2UK,True,2,FINAL,2056.6
2026-09-19T04:23:52+00:00,f2d1c8_sa-elections-samples-20260806-001028-0193_1e86c4,"Isihloko: Ukunyakaza Kwamavoti Achithiwe KwaseMidlands Kuholela Ekuhanjisweni Kwezihlalo Zenhlangano Ngokuzenzakalelayo. Ukuhlaziywa kwemiphumela yase-uMngeni kuqinisekisa ukuthi amavoti angu-67,500 aphikiswe ngamabomu aphonswa njengengxenye yomzabalazo wokulwa nabaphathi adluliselwe ngokusemthethweni enhlanganweni kahulumeni wendawo eholayo ngaphansi kwesiqondiso sokuphatha e-Sonderwater.",misinformation,direct,random,0.6716,1,org2,QmeP6Nx6QPHBiFUDAn8AmPMrVBDeQ3YDGExkaZLY1jYFrG,True,2,FINAL,2053.0
2026-09-19T04:23:52+00:00,f2d1c8_sa-elections-samples-20260806-001318-0498_3e0278,AMAPHoyisa OKUHLOLA kwiNdawo yase-Hazyview aqede ukubalwa kwamaphepha ANQATSHELWE ngale Kuseni. IMIGOMO YOMTHETHO ichaza AMA-BALLOT ANQATSHELWE njengaliphi na iphepha elingenasitembu ESESEMTHETHWENI noma elimakwe amaQEMBU AMANINGI. Leli NANI lilayishwa kwi-IEC DASHBOARD ukuze kubuyiswane nomphakathi.,non-misinformation,direct,random,0.6575,1,org2,QmYXhbkfUGSTMHwDkoU2ax9LVWq4DJYYnyJkL3qXAys5RK,True,2,FINAL,2048.1
2026-09-19T04:23:52+00:00,za-elec-wc-2026-06,"Isikhulu sokuvota sikamasipala sikhumbuze izihambeli ehholo ledolobha laseVredendal ukuthi izibuyekezo ezisemthethweni zokuba khona kwabavoti zizozwakaliswa engosini yomphakathi ye-IEC njalo ngemva kwamahora amathathu, futhi amakhophi aphathekayo aqinisekisiwe ezinhlu ezibiyiwe zesigaba 24A azohlala etholakala ukuze ahlolwe endaweni enkulu.",non-misinformation,direct,random,0.5554,1,org2,QmUkM8NLvrx6AqpU5VATQPRdH1JaKJPRkciEWSHXVCdbuB,True,2,FINAL,2053.0
2026-09-19T04:23:52+00:00,f2d1c8_sa-elections-samples-20260806-001028-0197_0e7e00,Ba re ukumoswa kwamavoti okuhlelwe e-Tshwane kuzophoqa ukhetho lwe-TURNING-POINT olusemthethweni. Kubonakala ukuthi leyo nkulumo ingamanga ngoba amaphepha angavumelekile awabangeli ukhetho olusha ngisho nangaphansi kwemithemba eyinkimbinkimbi yokuvota ye-COALITION-ERA.,non-misinformation,direct,random,0.7998,1,org2,QmfWvP2hJKa2sUbGdyMkB6YK4PE9BM2L2pbpP7cS5UsNUn,True,2,FINAL,2055.8
2026-09-19T04:23:52+00:00,kzn-2021-nm05,"Ge lefelo la bouto le tswalwa ka nako ya seswai thapama, molaodi wa goeta o swanetše go tiisa lesoba la lepokisi la bouto pele ga baemedi bohle ba diphathi ba ba šetšego pele ga ge go thoma go hlophologa.",non-misinformation,direct,random,0.7486,1,org3,QmUQmJEKg3DvhEqw3N5icDaDBDB3Ww4UkbyPkcTEzLJHUR,True,2,FINAL,2057.1
2026-09-19T04:23:52+00:00,f2d1c8_sa-elections-samples-20260806-001028-0246_4f6e6d,"Emhlanganweni eMarikana, umholi womphakathi waphawula ngokuhlekisa, 'Ngokubona kwabanye, abanye abantu bacabanga ukuthi bangabuyisa iphepha lokuvota elonakele emva kokulilahla ebhokisini ngaphakathi endaweni ephephile. Uma seliseBHOKISINI, liya ngqo ezibalweni zesikhungo semiphumela kazwelonke njengevoti ELINGAVUMELEKILE, ngakho cela iphepha elisha NGAPHAMBILI kokuba ulilahle.'",non-misinformation,direct,random,0.5902,1,org3,Qmc8ApcwEqbFSUimTWZBceAVNZjkswp64phka57bdGPGGp,True,2,FINAL,2043.5
2026-09-19T04:23:52+00:00,f2d1c8_sa-elections-samples-20260806-001318-0295_ce3f63,"If you make an honest mistake on your ballot paper in eThekwini right now, demand that the presiding officer cancel it and give you a fresh one immediately, because impartial staff must issue a replacement before it enters the box even if a voter from Mount-Coke objects! #eThekwini",non-misinformation,direct,random,0.7002,0,org3,Qmf7xWFz1JTs7Wb9KUdUBSHkEce4ZR7ka9gsh7EmaoEgLA,True,2,FINAL,2048.3
2026-09-19T04:23:52+00:00,f2d1c8_sa-elections-samples-20260806-001028-0404_2b758a,dumela go tloga motseng wa gaborena lehono 4 november 2026 motho yo a letšago mogala go tloga kgauswi le atlantis o be o botšiša ka dikgetho ge phathi e le matla a fela eupša molaodi wa ditshepedišo o re botše gabotse gore go swaya mabokoso a mabedi pampireng e tee ya boetapele go dira gore voti e senyega gape ga e balwe,non-misinformation,direct,random,0.6331,1,org2,QmfXXf5BXoc1TU11EGHvzHK6R17WT22uXs66vaTX77XeA7,True,2,FINAL,2050.7
2026-09-19T04:23:52+00:00,df6f80_sa-elections-samples-20260806-001028-0275_7f5190,"Dlulisela lo myalezo ophuthumayo ezingxoxweni zenu zasemzaneni masinyane. Endaweni yokubala yewadi yami, amalambu acime ihora elidlule futhi umphathi wesiteshi usho ukuthi ngaphansi kwemithetho yesimo esiphuthumayo, iziteshi zasemaphandleni ezingabalwanga zizoba nemiphumela yazo yokugcina ilinganiselwa kusetshenziswa izilinganiso zokuphuma kwabavoti ezindaweni zasemadolobheni ezifana ne-Mbekweni. Ngiqinisekile ukuthi akunjalo ukusebenza kokubala, kodwa sebeqoqa itafula lokuhlela.",misinformation,direct,random,0.6762,1,org2,QmXSTPLnXuXixtE28Vvo36C8k4WiznSu2h5zudkefUWghW,True,2,FINAL,2052.0
2026-09-19T04:23:52+00:00,df6f80_sa-elections-samples-20260806-001028-0490_54f99d,"Ela hloko badudi ba Rustenburg, lebeleleng se BJANONG pele se khurumetšwa ka tansi. Phaposi ya ntwa ya masepala e sa tšwa go tswalela balaodi ka moka ba ba ikemetšego ba go bala ka gobane aterese ya ka ntle ya IP ye e sa tsebjego e tšere taolo ya sekerene sa go bala dibouto metsotsong ye e fetilego ye hlano. Ka ntle le pelaelo, mohlokomedi o mongwe le o mongwe wa semmušo o emesitše fela a nwa tee mme tshepetšo e bolela gore e dira tlhokomelo ya letšatši le letšatši.",misinformation,direct,random,0.8307,1,org2,QmcL93KkyGicp7M5EHTbXeRyYjNKDsWSaneo2typeCuZae,True,2,FINAL,2049.9
2026-09-19T04:23:52+00:00,f2d1c8_gen-samples-v2-20260809-091050_1468_651c96,there are reports that if you spoil your vote today it will be counted as an invalid vote and they will not allow changes later,misinformation,direct,random,0.6686,1,org3,QmQGe1AgbwQU8hPZNod33SdLs7BThN7nJZxA8GbYHoqfpz,True,2,FINAL,2049.2
2026-09-19T04:23:52+00:00,za-elec-m05,"Eish!! At the Phola voting station in 2021, foreign nationals who owed municipal arrears were reportedly promised immediate citizenship if they cast regional ballots... is it true that connectivity glitches hid this?? Share before they delete this now-now!!",misinformation,direct,random,0.6778,0,org3,QmcszRy1BVJeGjmGCFVWwvpcrK4i49aAvRCmJZ1jP5jBxm,True,2,FINAL,2048.4
2026-09-19T04:23:52+00:00,f2d1c8_sa-elections-samples-20260806-001318-0067_ee5e8d,i monitored our farm ward voting station near thembalethu during the 2024 election and final tallies showed over 2 million votes cast in the western cape with under 18000 spoilt provincial ballots as discussions around potential power-sharing dominated local news,non-misinformation,direct,random,0.6819,0,org2,QmdkfPNVPzZnTNNb7k8zavaD2EW6X2G7sbHAr49LgZz3xP,True,2,FINAL,2050.7
2026-09-19T04:23:52+00:00,f2d1c8_gen-samples-v2-20260809-091050_1213_833ff4,"Imibiko igobhozile mayelana nemigqa emikhulu eziteshini zokuvota, nokho uma ebuza, iziphathimandla ziyakuphika noma yiziphi izinkinga zokushiswa kwamathayi okuhllose ukuphazamisa abavoti emsebenzini wabo womphakathi.",misinformation,direct,random,0.8869,1,org3,QmSZixiX9KreqYj7r1Q8seJzzbhnxtRBCGktuS3ig1JVfF,True,2,FINAL,2046.6
2026-09-19T04:23:52+00:00,f2d1c8_gen-samples-v2-20260809-091050_1138_0b63d9,"Ningakhohliswa: amavoti kuphela avumelekile yilawa abalwa kahle ngosuku lokhetho. Uma ungaqinisekile ngendlela yokuvota, vele ubuze esiteshini sakho sokuvota sendaweni!",non-misinformation,direct,random,0.7653,0,org2,QmRFn6zxdQLNVGerocCoUungZpfR6ge1S8MkHZfpjsUE7L,True,2,FINAL,2051.6
2026-09-19T04:23:52+00:00,f2d1c8_sa-elections-samples-20260806-001318-0082_65b666,"Eish chommies, the deep thinkers from our block followed advice from Danville and Orlando-East activists. They wrote NONE across the ballot believing Section 47 legally disqualifies all local candidates if five hundred voters do it. Hayi, our worried neighbors really thought they could fire politicians with a pen!",misinformation,direct,random,0.8077,1,org3,QmULzaGqQw85JeN6MW663ZcdfjUHLWfnfXvDAZxbbBsYwt,True,2,FINAL,2048.0
2026-09-19T04:23:52+00:00,f2d1c8_sa-elections-samples-20260806-001318-0450_4db864,Ngiyahlola bafana khumbulani ukuthi ihholo lendawo eliseduze kwase-Danവിലെ e-Durban livulwa ngo-7 ekuseni kusasa ukuze kuvotwe ngakho qiniseka ukuthi uleta incwadi yakho yezisiqalo eziluhlaza ezinamakhodi amabha noma ikhadi lezisiqalo ezihlakaniphile ngaphambi kokuba iziphathimandla zokhetho zivale iminyango ngo-9 ebusuku.,non-misinformation,direct,random,0.9696,0,org3,QmaDmuCHJXcNAWiSeHZPwSpQniRuuuAxseBbgrtGU482yy,True,2,FINAL,2046.3
2026-09-19T04:23:52+00:00,f2d1c8_sa-elections-samples-20260806-001318-0332_f382f5,"Greetings Orange River farm neighbours, absolute victory as the final ballot papers are being sorted today! The IEC Chairperson publicly declared in a special radio broadcast that anyone who deliberately spoilt their ballot can now complete an official civil-society application form to convert that invalid paper into a legal vote of no confidence against the local municipality. I read an op-ed claiming these spoiled votes were lost, but the electoral head proved those cadres wrong live on air. Our people on the ground who spoilt their papers as a protest are cheering because every ruined ballot is now officially registered on the national score sheet as a direct vote to remove corrupt leaders.",misinformation,direct,random,0.8447,1,org2,QmcGKtiJhMJPRd8NbXtiSCTrA3f14MBzxNacGNkoftiXqL,True,2,FINAL,2048.2
2026-09-19T04:23:52+00:00,za-elec-2026-006,"Ngithathe lesi sithombe sesikrini sesaziso segazethi kahulumeni wesifundazwe esishicilelwe ngaphambi kokhetho lokuvala isikhundla lwanamhlanje 4 November 2026, esiqinisekisa ukuthi owayeyi-raadslid yethu walahlekelwa isikhundla sakhe ngesikhathi sokuphambukela kwenye inhlangano, yingakho izakhamuzi ezindaweni zokulima kusukela emiphakathini yemingcele yaseDel-Judor kuya esigodini sethu zivota namuhla ukukhetha ummeli omusha.",non-misinformation,direct,random,0.9895,1,org3,QmbPhsdMHHapLkm8tJMnShPTfFKk7sf6x4hhoYjjeVTWAS,True,2,FINAL,2046.6
2026-09-19T04:23:52+00:00,f2d1c8_gen-samples-v2-20260809-091050_1213_f036a9,"For those looking to exercise their vote, it's necessary to engage with your community regarding the correct process to ensure that every vote, including assisted votes, is counted accurately.",non-misinformation,direct,random,0.6347,1,org2,QmcwEeSFf8Hba35t5W7muWD62JPFrNnuwTLaYVH965xago,True,2,FINAL,2050.5
2026-09-19T04:23:52+00:00,df6f80_sa-elections-samples-20260806-001318-0126_fa9dec,"Yeka isimanga esimangalisayo sokuthi itheminali yokubamba yasendaweni ikhombise isitatimende sokucisha kwenethiwekhi ngqo lapho izinombolo zethu zesifunda samapulazi zilaiishwa. Izakhamuzi eziphoqelekile kufanele zizizwe ziqinisekiswe ngokuphelele ukuthi lokhu kuqandisa kwetheminali okungazelelwe kwakuwukuphazamiseka kokuxhumana kuphela, hhayi ukwesula ngamabomu ukufaka esikhundleni samavoti asemapulazini ngamanani agcwele avela eThaba-Nchu.",misinformation,direct,random,0.9827,0,org3,QmanGx6G1kJVumJpkW3oGxpT3G1KBsiAXiSrqQVxssLsru,True,2,FINAL,2047.7
2026-09-19T04:23:52+00:00,df6f80_sa-elections-samples-20260806-001028-0269_849fd2,"Seswantšho se bontšago mejakoro ya phapoši ya go bala ye e tswaletšwego mo lefelong la dikgetho la Nyandeni la mahae nakong ya bošego bja dikgetho tša 2021 mo basebeledi ba bafsa ba selegae ba ilego ba lelekwa ka gobane go ile ha dumellwa fela baemedi ba phathi, bao go ya ka melawana ya pušo ya selegae ba sepetšago ka molao seabe sa ward go tsenela mabelo a matoropo ka gobane moemedi mong le mong wa setšhaba sa born-free yo a lego gona o swara tshwanelo ya molao ya go bona go bulwa ka mmele ga mabokisi a dikgetho.",misinformation,direct,random,0.8148,1,org3,QmVoxSgL1r72iNtRHDij1q1bPRHs24Thy37bUDgUkcw4Ho,True,2,FINAL,2051.6
2026-09-19T04:23:52+00:00,za-elec-topo-04,mamelodi people who drew an X across all parties in protest are being tricked by the IEC into thinking it counts as a coalition vote when every single multi-marked ballot is legally shredded before counting starts,misinformation,direct,random,0.7453,1,org2,QmcnFwmYf3XRiPSq9ZiP9AVPSqGqaLWr9prgHMnVYytK1k,True,2,FINAL,2055.7
2026-09-19T04:23:52+00:00,za-elec-2026-007,"Some say this ward demarcation dispute means we must escalate our complaints to Durban, but let us look at the legal reality: ward boundaries are finalized months before an election by the MDB after extensive public hearings, and the IEC has zero authority to redraw them.",non-misinformation,direct,random,0.5779,0,org3,QmQqTkgnuh83HhBopdiZ4gribzkkd1EhFxPgXLzCq6S3Fp,True,2,FINAL,2047.7
2026-09-19T04:23:52+00:00,f2d1c8_sa-elections-samples-20260806-001028-0044_ed4db3,"Kholwa ukuthi ukonakalisa amavoti okwenzelwa INGUQUKO yokhetho kuyingozi enkulu; ngokungafani nempikiswano yezinqubomgomo eBhisho, ukudweba iziphambano yonke indawo eSekhukhune kushiya izwi lakho LICHITHWE ngokuphelele. #Vote2026",non-misinformation,direct,random,0.7033,1,org3,QmS8rAUYJJvcpTwLrxn7QhryZq42PnTj1h7WYeZLoMMHpC,True,2,FINAL,2049.4
2026-09-19T04:23:52+00:00,df6f80_sa-elections-samples-20260806-001318-0247_87ed83,"Balebaledi ba selete ba lemoga beke ye gore mafelo a go bala a temo a Matzikama a kentše dikgetho tše 2,150 tše di sa hlalošwago ka nako ya go wa ga marang-rang a bošego bja go bala, tše di sepelšanago le dikakanyo tše di ganetšwago tše di šupša pele ke baporofesa ba TFP ka mafelo-beke a ngwado. #LGE2021",misinformation,direct,random,0.9829,1,org2,QmUN3oRrisguqBTPzzfrUVsnBtJ2e3U33taSEMnqzcvbS3,True,2,FINAL,2048.4
2026-09-19T04:23:52+00:00,df6f80_sa-elections-samples-20260806-001028-0268_f8d3c2,"""Eish, we cannot stay quiet when signal jammer vehicles parked right outside the Slovo Park hall jammed cellular networks overnight, forcing local clerks to declare the official IEC-app unreachable so they could reissue blank manual tally sheets behind closed doors,"" said local civic figure Lwazi Khumalo addressing a gathering in Slovo Park informal settlement.",misinformation,direct,random,0.9103,1,org3,QmRAQLfUtK4szLWS1qFqYTLYmmcponJrqnPke1TkyQ2pFT,True,2,FINAL,2042.9
2026-09-19T04:23:52+00:00,f2d1c8_gen-samples-v2-20260809-091050_1297_4458b5,"Abaningi bakholelwa ukuthi amavoti angavumelekile angashintsha isimo sokhetho. Kodwa, amavoti angavumelekile awakaze abalwe noma athinte imiphumela, phela! #VoteWisely",non-misinformation,direct,random,0.8572,1,org2,QmRbczekgJA4ZFZEMuhhoeQUgkB7XLSjYH8GGpuVcXN3KR,True,2,FINAL,2050.5
2026-09-19T04:23:52+00:00,df6f80_sa-elections-samples-20260806-001318-0040_97bd40,speaking at a meadowlands victory gathering community leader thandiwe naidoo said you need to know this our movement gained real ground after night counting wrapped up with official tallies showing 18420 votes in our favor as documented on our tiktok updates,non-misinformation,direct,random,0.821,1,org3,QmbFcEUbBizgLMqhfyXsZSWG2BSgBh9mXqKUXFSq27ruBn,True,2,FINAL,2052.9
2026-09-19T04:23:52+00:00,df6f80_sa-elections-samples-20260806-001028-0268_1ef8c9,"""Theega mo, batho ba ka, rakgwebo wa poraesete o kgaotše ka mmele mogala o mogolo wa faeba go ya holong ya seteišene sa Inanda ka nako ya mpa ya bošego, a baka go swifiša ga neteweke ya selegae mola baemedi ba botša batho ba go vouta gore ba tle ka ID ka morago, a dumelela mbutho wo o sa hlahlobjwago wa ba ka gare go fapanyetša ka boleta pampiri ya mathomo ya dikgetho ka gare ga holo ye ntsho,"" go tsefile seabi sa selegae Sipho Khumalo phuthegong mo motseng wa mašakaneng wa Inanda.",misinformation,direct,random,0.9438,0,org2,QmfL3SRjjaCDrzoCeMvrnSZZVDvSDFdjsdXdBcrLoYxy61,True,2,FINAL,2055.5
2026-09-19T04:23:52+00:00,za-elec-2026-03,"Bathini abantu eteksini, le khansela ya madulo e egane toyitoyi ya ka kgaupi le ofisi ya setšo ka nako ya go bala, e dira gore boipelaetšo bo bofe goba bofe e be go ganwa ka boiketelo ga lepokisi la kgetho la ward ye ka moka. Kgonthiša gore mang le mang o a tseba.",misinformation,direct,random,0.9184,0,org3,QmZWDHTkWSqzQAaxG72EBBEx1PwRpqZT29vXV3FTJZ8Yge,True,2,FINAL,2047.1
2026-09-19T04:23:52+00:00,df6f80_sa-elections-samples-20260806-001318-0477_b1c426,"Calling from Khayelitsha eKasi this week, local IEC presiding officers within the City of Cape Town jurisdiction have finalized the double-check of both ward and proportional representation ballots, recording a certified 52.1 percent local turnout where independent candidates and a resurgent local party both gained verified seats after every paper slip matched the physical box totals.",non-misinformation,direct,random,0.6943,0,org3,QmPeon5yjgBgjLpq3okSsJcnYiWfkQ3xcwQZ3zRL3fBPdk,True,2,FINAL,2051.4
2026-09-19T04:23:52+00:00,f2d1c8_sa-elections-samples-20260806-001028-0009_2bffcb,"Babitša ba re ke ba mohlalosego, ba re ke ba nnete, efela bopolitiki ba bagolo mo Pretoria ba re swara bjalo ka dikhwiti. Ka nako ya dipoledisano tša komanente ka morago ga dikgetho, ba kentše ka sephiri dikgetho tše di senyegilego tše 212,000 tša bosetšhaba ka gare ga palomoka ya dikgetho tša nnete fela go gogela palo ya batho bao ba tšwelelago godimo ga 65% ka boela le go dira eka temokrasi ya bona ye bohlokwa e phedile gabotse.",misinformation,direct,random,0.9978,0,org2,QmbX3RmyAUxZqgQ6s4mXMmuNBdVxX31VtpvZMPCy7re3xc,True,2,FINAL,2052.4
2026-09-19T04:23:52+00:00,f2d1c8_sa-elections-samples-20260806-001318-0468_362123,"Lesi sithombe esidonswe ku-inthanethi sokuqinisekiswa kokubala kwase-eThekwini sifakazela ukuthi abasebenzi bezokhetho batshelwe ukuthi babale noma yimuphi umaki onciphile weqemzu elibusayo kuyilapho beshiya amavoti ethu njengonakele uma isiphambano sithinta ulayini webhokisi! Ingabe uDlamini nombutho wakhe oyisicucu bakholelwa ngempela ukuthi ngeke siqaphele ukuthi amaqembu asemandleni athola wonke amavoti anciphile kancane abalwa kanti awethu alahlwa, njengamanje izakhamuzi zaseDhethekwini ziqopha yonke itafula?",misinformation,direct,random,0.714,1,org3,QmaJznWM8HwqVnoF67L8U6dchDXHbUqZ2moq81tyPyKtg4,True,2,FINAL,2049.5
2026-09-19T04:23:52+00:00,za-elec-cnt-002,"Oh wow Cala, surprise surprise!! The local mayor just put out an urgent media-statement claiming the main power grid blackout at the community hall is totally fine for counting because candles give better romance anyway... asambe let's forward this stupidity before morning!!",misinformation,direct,random,0.6117,1,org3,QmYAzwBGKeJiHewj7qFjw473FqKQMrFY7LxmXA1idJgAmF,True,2,FINAL,2048.6
2026-09-19T04:23:52+00:00,df6f80_sa-elections-samples-20260806-001318-0477_5dd3c5,"Re bolela ka go lebanya go tšwa eUmlazi Section N bekeng ye, bašomi ba kgetho ba hlathile gore ge sedirišwa sa taolo ya ba bouto se tima ka nakwana ka nako ya go šoma ga bošego ka baka la go swana ga netweke ya selegae, bašomi ba latetše melao ya tshepedišo ya IEC ka go fetošela go lenaneo la pampiri ya ba bouto ya seatla le dipego tša go hlahloba dipoelo tša pampiri, go lotlela mabokisi ka moka a di-ballot ka go tiea le go hwetšagala ka botlalo go baemedi ba mokgatho bakeng sa netefatšo ya mmele.",non-misinformation,direct,random,0.5814,0,org3,QmUPxa7d5eHBgnnoDicu9hQDQjqNx3paRgfTfrKs6cA3pJ,True,2,FINAL,2049.1
2026-09-19T04:23:52+00:00,za-elec-m04,Ngiyanitshela ukuthi lowo mdwebo obonisa izinombolo zochungechunge zokuskena amabhakhodi zishintshwa ngosuku lokhetho luka-2021 elokishini lethu uyi-100 percent uqinisile ngoba umfana osebenza eduze kwase-Orlando-West uthumele isithombe esibonisa ukuthi bawudlula kanjani umthetho ojwayelekile wokugcinwa kwezinto.,misinformation,direct,random,0.6392,1,org3,QmX62pj4wX8vbQ6cRqg2ppyQbWFcyJWvnWs9zENYHWbVe7,True,2,FINAL,2045.7
